Date_Key,Tanggal,Hari,Bulan,Quarter,Tahun
20200102,2020-01-02,Thursday,1,2020Q1,2020
20200103,2020-01-03,Friday,1,2020Q1,2020
20200106,2020-01-06,Monday,1,2020Q1,2020
20200107,2020-01-07,Tuesday,1,2020Q1,2020
20200108,2020-01-08,Wednesday,1,2020Q1,2020
20200109,2020-01-09,Thursday,1,2020Q1,2020
20200110,2020-01-10,Friday,1,2020Q1,2020
20200113,2020-01-13,Monday,1,2020Q1,2020
20200114,2020-01-14,Tuesday,1,2020Q1,2020
20200115,2020-01-15,Wednesday,1,2020Q1,2020
20200116,2020-01-16,Thursday,1,2020Q1,2020
20200117,2020-01-17,Friday,1,2020Q1,2020
20200120,2020-01-20,Monday,1,2020Q1,2020
20200121,2020-01-21,Tuesday,1,2020Q1,2020
20200122,2020-01-22,Wednesday,1,2020Q1,2020
20200123,2020-01-23,Thursday,1,2020Q1,2020
20200124,2020-01-24,Friday,1,2020Q1,2020
20200127,2020-01-27,Monday,1,2020Q1,2020
20200128,2020-01-28,Tuesday,1,2020Q1,2020
20200129,2020-01-29,Wednesday,1,2020Q1,2020
20200130,2020-01-30,Thursday,1,2020Q1,2020
20200131,2020-01-31,Friday,1,2020Q1,2020
20200203,2020-02-03,Monday,2,2020Q1,2020
20200204,2020-02-04,Tuesday,2,2020Q1,2020
20200205,2020-02-05,Wednesday,2,2020Q1,2020
20200206,2020-02-06,Thursday,2,2020Q1,2020
20200207,2020-02-07,Friday,2,2020Q1,2020
20200210,2020-02-10,Monday,2,2020Q1,2020
20200211,2020-02-11,Tuesday,2,2020Q1,2020
20200212,2020-02-12,Wednesday,2,2020Q1,2020
20200213,2020-02-13,Thursday,2,2020Q1,2020
20200214,2020-02-14,Friday,2,2020Q1,2020
20200217,2020-02-17,Monday,2,2020Q1,2020
20200218,2020-02-18,Tuesday,2,2020Q1,2020
20200219,2020-02-19,Wednesday,2,2020Q1,2020
20200220,2020-02-20,Thursday,2,2020Q1,2020
20200221,2020-02-21,Friday,2,2020Q1,2020
20200224,2020-02-24,Monday,2,2020Q1,2020
20200225,2020-02-25,Tuesday,2,2020Q1,2020
20200226,2020-02-26,Wednesday,2,2020Q1,2020
20200227,2020-02-27,Thursday,2,2020Q1,2020
20200228,2020-02-28,Friday,2,2020Q1,2020
20200302,2020-03-02,Monday,3,2020Q1,2020
20200303,2020-03-03,Tuesday,3,2020Q1,2020
20200304,2020-03-04,Wednesday,3,2020Q1,2020
20200305,2020-03-05,Thursday,3,2020Q1,2020
20200306,2020-03-06,Friday,3,2020Q1,2020
20200309,2020-03-09,Monday,3,2020Q1,2020
20200310,2020-03-10,Tuesday,3,2020Q1,2020
20200311,2020-03-11,Wednesday,3,2020Q1,2020
20200312,2020-03-12,Thursday,3,2020Q1,2020
20200313,2020-03-13,Friday,3,2020Q1,2020
20200316,2020-03-16,Monday,3,2020Q1,2020
20200317,2020-03-17,Tuesday,3,2020Q1,2020
20200318,2020-03-18,Wednesday,3,2020Q1,2020
20200319,2020-03-19,Thursday,3,2020Q1,2020
20200320,2020-03-20,Friday,3,2020Q1,2020
20200323,2020-03-23,Monday,3,2020Q1,2020
20200324,2020-03-24,Tuesday,3,2020Q1,2020
20200326,2020-03-26,Thursday,3,2020Q1,2020
20200327,2020-03-27,Friday,3,2020Q1,2020
20200330,2020-03-30,Monday,3,2020Q1,2020
20200331,2020-03-31,Tuesday,3,2020Q1,2020
20200401,2020-04-01,Wednesday,4,2020Q2,2020
20200402,2020-04-02,Thursday,4,2020Q2,2020
20200403,2020-04-03,Friday,4,2020Q2,2020
20200406,2020-04-06,Monday,4,2020Q2,2020
20200407,2020-04-07,Tuesday,4,2020Q2,2020
20200408,2020-04-08,Wednesday,4,2020Q2,2020
20200409,2020-04-09,Thursday,4,2020Q2,2020
20200413,2020-04-13,Monday,4,2020Q2,2020
20200414,2020-04-14,Tuesday,4,2020Q2,2020
20200415,2020-04-15,Wednesday,4,2020Q2,2020
20200416,2020-04-16,Thursday,4,2020Q2,2020
20200417,2020-04-17,Friday,4,2020Q2,2020
20200420,2020-04-20,Monday,4,2020Q2,2020
20200421,2020-04-21,Tuesday,4,2020Q2,2020
20200422,2020-04-22,Wednesday,4,2020Q2,2020
20200423,2020-04-23,Thursday,4,2020Q2,2020
20200424,2020-04-24,Friday,4,2020Q2,2020
20200427,2020-04-27,Monday,4,2020Q2,2020
20200428,2020-04-28,Tuesday,4,2020Q2,2020
20200429,2020-04-29,Wednesday,4,2020Q2,2020
20200430,2020-04-30,Thursday,4,2020Q2,2020
20200504,2020-05-04,Monday,5,2020Q2,2020
20200505,2020-05-05,Tuesday,5,2020Q2,2020
20200506,2020-05-06,Wednesday,5,2020Q2,2020
20200508,2020-05-08,Friday,5,2020Q2,2020
20200511,2020-05-11,Monday,5,2020Q2,2020
20200512,2020-05-12,Tuesday,5,2020Q2,2020
20200513,2020-05-13,Wednesday,5,2020Q2,2020
20200514,2020-05-14,Thursday,5,2020Q2,2020
20200515,2020-05-15,Friday,5,2020Q2,2020
20200518,2020-05-18,Monday,5,2020Q2,2020
20200519,2020-05-19,Tuesday,5,2020Q2,2020
20200520,2020-05-20,Wednesday,5,2020Q2,2020
20200526,2020-05-26,Tuesday,5,2020Q2,2020
20200527,2020-05-27,Wednesday,5,2020Q2,2020
20200528,2020-05-28,Thursday,5,2020Q2,2020
20200529,2020-05-29,Friday,5,2020Q2,2020
20200602,2020-06-02,Tuesday,6,2020Q2,2020
20200603,2020-06-03,Wednesday,6,2020Q2,2020
20200604,2020-06-04,Thursday,6,2020Q2,2020
20200605,2020-06-05,Friday,6,2020Q2,2020
20200608,2020-06-08,Monday,6,2020Q2,2020
20200609,2020-06-09,Tuesday,6,2020Q2,2020
20200610,2020-06-10,Wednesday,6,2020Q2,2020
20200611,2020-06-11,Thursday,6,2020Q2,2020
20200612,2020-06-12,Friday,6,2020Q2,2020
20200615,2020-06-15,Monday,6,2020Q2,2020
20200616,2020-06-16,Tuesday,6,2020Q2,2020
20200617,2020-06-17,Wednesday,6,2020Q2,2020
20200618,2020-06-18,Thursday,6,2020Q2,2020
20200619,2020-06-19,Friday,6,2020Q2,2020
20200622,2020-06-22,Monday,6,2020Q2,2020
20200623,2020-06-23,Tuesday,6,2020Q2,2020
20200624,2020-06-24,Wednesday,6,2020Q2,2020
20200625,2020-06-25,Thursday,6,2020Q2,2020
20200626,2020-06-26,Friday,6,2020Q2,2020
20200629,2020-06-29,Monday,6,2020Q2,2020
20200630,2020-06-30,Tuesday,6,2020Q2,2020
20200701,2020-07-01,Wednesday,7,2020Q3,2020
20200702,2020-07-02,Thursday,7,2020Q3,2020
20200703,2020-07-03,Friday,7,2020Q3,2020
20200706,2020-07-06,Monday,7,2020Q3,2020
20200707,2020-07-07,Tuesday,7,2020Q3,2020
20200708,2020-07-08,Wednesday,7,2020Q3,2020
20200709,2020-07-09,Thursday,7,2020Q3,2020
20200710,2020-07-10,Friday,7,2020Q3,2020
20200713,2020-07-13,Monday,7,2020Q3,2020
20200714,2020-07-14,Tuesday,7,2020Q3,2020
20200715,2020-07-15,Wednesday,7,2020Q3,2020
20200716,2020-07-16,Thursday,7,2020Q3,2020
20200717,2020-07-17,Friday,7,2020Q3,2020
20200720,2020-07-20,Monday,7,2020Q3,2020
20200721,2020-07-21,Tuesday,7,2020Q3,2020
20200722,2020-07-22,Wednesday,7,2020Q3,2020
20200723,2020-07-23,Thursday,7,2020Q3,2020
20200724,2020-07-24,Friday,7,2020Q3,2020
20200727,2020-07-27,Monday,7,2020Q3,2020
20200728,2020-07-28,Tuesday,7,2020Q3,2020
20200729,2020-07-29,Wednesday,7,2020Q3,2020
20200730,2020-07-30,Thursday,7,2020Q3,2020
20200803,2020-08-03,Monday,8,2020Q3,2020
20200804,2020-08-04,Tuesday,8,2020Q3,2020
20200805,2020-08-05,Wednesday,8,2020Q3,2020
20200806,2020-08-06,Thursday,8,2020Q3,2020
20200807,2020-08-07,Friday,8,2020Q3,2020
20200810,2020-08-10,Monday,8,2020Q3,2020
20200811,2020-08-11,Tuesday,8,2020Q3,2020
20200812,2020-08-12,Wednesday,8,2020Q3,2020
20200813,2020-08-13,Thursday,8,2020Q3,2020
20200814,2020-08-14,Friday,8,2020Q3,2020
20200818,2020-08-18,Tuesday,8,2020Q3,2020
20200819,2020-08-19,Wednesday,8,2020Q3,2020
20200824,2020-08-24,Monday,8,2020Q3,2020
20200825,2020-08-25,Tuesday,8,2020Q3,2020
20200826,2020-08-26,Wednesday,8,2020Q3,2020
20200827,2020-08-27,Thursday,8,2020Q3,2020
20200828,2020-08-28,Friday,8,2020Q3,2020
20200831,2020-08-31,Monday,8,2020Q3,2020
20200901,2020-09-01,Tuesday,9,2020Q3,2020
20200902,2020-09-02,Wednesday,9,2020Q3,2020
20200903,2020-09-03,Thursday,9,2020Q3,2020
20200904,2020-09-04,Friday,9,2020Q3,2020
20200907,2020-09-07,Monday,9,2020Q3,2020
20200908,2020-09-08,Tuesday,9,2020Q3,2020
20200909,2020-09-09,Wednesday,9,2020Q3,2020
20200910,2020-09-10,Thursday,9,2020Q3,2020
20200911,2020-09-11,Friday,9,2020Q3,2020
20200914,2020-09-14,Monday,9,2020Q3,2020
20200915,2020-09-15,Tuesday,9,2020Q3,2020
20200916,2020-09-16,Wednesday,9,2020Q3,2020
20200917,2020-09-17,Thursday,9,2020Q3,2020
20200918,2020-09-18,Friday,9,2020Q3,2020
20200921,2020-09-21,Monday,9,2020Q3,2020
20200922,2020-09-22,Tuesday,9,2020Q3,2020
20200923,2020-09-23,Wednesday,9,2020Q3,2020
20200924,2020-09-24,Thursday,9,2020Q3,2020
20200925,2020-09-25,Friday,9,2020Q3,2020
20200928,2020-09-28,Monday,9,2020Q3,2020
20200929,2020-09-29,Tuesday,9,2020Q3,2020
20200930,2020-09-30,Wednesday,9,2020Q3,2020
20201001,2020-10-01,Thursday,10,2020Q4,2020
20201002,2020-10-02,Friday,10,2020Q4,2020
20201005,2020-10-05,Monday,10,2020Q4,2020
20201006,2020-10-06,Tuesday,10,2020Q4,2020
20201007,2020-10-07,Wednesday,10,2020Q4,2020
20201008,2020-10-08,Thursday,10,2020Q4,2020
20201009,2020-10-09,Friday,10,2020Q4,2020
20201012,2020-10-12,Monday,10,2020Q4,2020
20201013,2020-10-13,Tuesday,10,2020Q4,2020
20201014,2020-10-14,Wednesday,10,2020Q4,2020
20201015,2020-10-15,Thursday,10,2020Q4,2020
20201016,2020-10-16,Friday,10,2020Q4,2020
20201019,2020-10-19,Monday,10,2020Q4,2020
20201020,2020-10-20,Tuesday,10,2020Q4,2020
20201021,2020-10-21,Wednesday,10,2020Q4,2020
20201022,2020-10-22,Thursday,10,2020Q4,2020
20201023,2020-10-23,Friday,10,2020Q4,2020
20201026,2020-10-26,Monday,10,2020Q4,2020
20201027,2020-10-27,Tuesday,10,2020Q4,2020
20201102,2020-11-02,Monday,11,2020Q4,2020
20201103,2020-11-03,Tuesday,11,2020Q4,2020
20201104,2020-11-04,Wednesday,11,2020Q4,2020
20201105,2020-11-05,Thursday,11,2020Q4,2020
20201106,2020-11-06,Friday,11,2020Q4,2020
20201109,2020-11-09,Monday,11,2020Q4,2020
20201110,2020-11-10,Tuesday,11,2020Q4,2020
20201111,2020-11-11,Wednesday,11,2020Q4,2020
20201112,2020-11-12,Thursday,11,2020Q4,2020
20201113,2020-11-13,Friday,11,2020Q4,2020
20201116,2020-11-16,Monday,11,2020Q4,2020
20201117,2020-11-17,Tuesday,11,2020Q4,2020
20201118,2020-11-18,Wednesday,11,2020Q4,2020
20201119,2020-11-19,Thursday,11,2020Q4,2020
20201120,2020-11-20,Friday,11,2020Q4,2020
20201123,2020-11-23,Monday,11,2020Q4,2020
20201124,2020-11-24,Tuesday,11,2020Q4,2020
20201125,2020-11-25,Wednesday,11,2020Q4,2020
20201126,2020-11-26,Thursday,11,2020Q4,2020
20201127,2020-11-27,Friday,11,2020Q4,2020
20201130,2020-11-30,Monday,11,2020Q4,2020
20201201,2020-12-01,Tuesday,12,2020Q4,2020
20201202,2020-12-02,Wednesday,12,2020Q4,2020
20201203,2020-12-03,Thursday,12,2020Q4,2020
20201204,2020-12-04,Friday,12,2020Q4,2020
20201207,2020-12-07,Monday,12,2020Q4,2020
20201208,2020-12-08,Tuesday,12,2020Q4,2020
20201210,2020-12-10,Thursday,12,2020Q4,2020
20201211,2020-12-11,Friday,12,2020Q4,2020
20201214,2020-12-14,Monday,12,2020Q4,2020
20201215,2020-12-15,Tuesday,12,2020Q4,2020
20201216,2020-12-16,Wednesday,12,2020Q4,2020
20201217,2020-12-17,Thursday,12,2020Q4,2020
20201218,2020-12-18,Friday,12,2020Q4,2020
20201221,2020-12-21,Monday,12,2020Q4,2020
20201222,2020-12-22,Tuesday,12,2020Q4,2020
20201223,2020-12-23,Wednesday,12,2020Q4,2020
20201228,2020-12-28,Monday,12,2020Q4,2020
20201229,2020-12-29,Tuesday,12,2020Q4,2020
20201230,2020-12-30,Wednesday,12,2020Q4,2020
20210104,2021-01-04,Monday,1,2021Q1,2021
20210105,2021-01-05,Tuesday,1,2021Q1,2021
20210106,2021-01-06,Wednesday,1,2021Q1,2021
20210107,2021-01-07,Thursday,1,2021Q1,2021
20210108,2021-01-08,Friday,1,2021Q1,2021
20210111,2021-01-11,Monday,1,2021Q1,2021
20210112,2021-01-12,Tuesday,1,2021Q1,2021
20210113,2021-01-13,Wednesday,1,2021Q1,2021
20210114,2021-01-14,Thursday,1,2021Q1,2021
20210115,2021-01-15,Friday,1,2021Q1,2021
20210118,2021-01-18,Monday,1,2021Q1,2021
20210119,2021-01-19,Tuesday,1,2021Q1,2021
20210120,2021-01-20,Wednesday,1,2021Q1,2021
20210121,2021-01-21,Thursday,1,2021Q1,2021
20210122,2021-01-22,Friday,1,2021Q1,2021
20210125,2021-01-25,Monday,1,2021Q1,2021
20210126,2021-01-26,Tuesday,1,2021Q1,2021
20210127,2021-01-27,Wednesday,1,2021Q1,2021
20210128,2021-01-28,Thursday,1,2021Q1,2021
20210129,2021-01-29,Friday,1,2021Q1,2021
20210201,2021-02-01,Monday,2,2021Q1,2021
20210202,2021-02-02,Tuesday,2,2021Q1,2021
20210203,2021-02-03,Wednesday,2,2021Q1,2021
20210204,2021-02-04,Thursday,2,2021Q1,2021
20210205,2021-02-05,Friday,2,2021Q1,2021
20210208,2021-02-08,Monday,2,2021Q1,2021
20210209,2021-02-09,Tuesday,2,2021Q1,2021
20210210,2021-02-10,Wednesday,2,2021Q1,2021
20210211,2021-02-11,Thursday,2,2021Q1,2021
20210215,2021-02-15,Monday,2,2021Q1,2021
20210216,2021-02-16,Tuesday,2,2021Q1,2021
20210217,2021-02-17,Wednesday,2,2021Q1,2021
20210218,2021-02-18,Thursday,2,2021Q1,2021
20210219,2021-02-19,Friday,2,2021Q1,2021
20210222,2021-02-22,Monday,2,2021Q1,2021
20210223,2021-02-23,Tuesday,2,2021Q1,2021
20210224,2021-02-24,Wednesday,2,2021Q1,2021
20210225,2021-02-25,Thursday,2,2021Q1,2021
20210226,2021-02-26,Friday,2,2021Q1,2021
20210301,2021-03-01,Monday,3,2021Q1,2021
20210302,2021-03-02,Tuesday,3,2021Q1,2021
20210303,2021-03-03,Wednesday,3,2021Q1,2021
20210304,2021-03-04,Thursday,3,2021Q1,2021
20210305,2021-03-05,Friday,3,2021Q1,2021
20210308,2021-03-08,Monday,3,2021Q1,2021
20210309,2021-03-09,Tuesday,3,2021Q1,2021
20210310,2021-03-10,Wednesday,3,2021Q1,2021
20210312,2021-03-12,Friday,3,2021Q1,2021
20210315,2021-03-15,Monday,3,2021Q1,2021
20210316,2021-03-16,Tuesday,3,2021Q1,2021
20210317,2021-03-17,Wednesday,3,2021Q1,2021
20210318,2021-03-18,Thursday,3,2021Q1,2021
20210319,2021-03-19,Friday,3,2021Q1,2021
20210322,2021-03-22,Monday,3,2021Q1,2021
20210323,2021-03-23,Tuesday,3,2021Q1,2021
20210324,2021-03-24,Wednesday,3,2021Q1,2021
20210325,2021-03-25,Thursday,3,2021Q1,2021
20210326,2021-03-26,Friday,3,2021Q1,2021
20210329,2021-03-29,Monday,3,2021Q1,2021
20210330,2021-03-30,Tuesday,3,2021Q1,2021
20210331,2021-03-31,Wednesday,3,2021Q1,2021
20210401,2021-04-01,Thursday,4,2021Q2,2021
20210405,2021-04-05,Monday,4,2021Q2,2021
20210406,2021-04-06,Tuesday,4,2021Q2,2021
20210407,2021-04-07,Wednesday,4,2021Q2,2021
20210408,2021-04-08,Thursday,4,2021Q2,2021
20210409,2021-04-09,Friday,4,2021Q2,2021
20210412,2021-04-12,Monday,4,2021Q2,2021
20210413,2021-04-13,Tuesday,4,2021Q2,2021
20210414,2021-04-14,Wednesday,4,2021Q2,2021
20210415,2021-04-15,Thursday,4,2021Q2,2021
20210416,2021-04-16,Friday,4,2021Q2,2021
20210419,2021-04-19,Monday,4,2021Q2,2021
20210420,2021-04-20,Tuesday,4,2021Q2,2021
20210421,2021-04-21,Wednesday,4,2021Q2,2021
20210422,2021-04-22,Thursday,4,2021Q2,2021
20210423,2021-04-23,Friday,4,2021Q2,2021
20210426,2021-04-26,Monday,4,2021Q2,2021
20210427,2021-04-27,Tuesday,4,2021Q2,2021
20210428,2021-04-28,Wednesday,4,2021Q2,2021
20210429,2021-04-29,Thursday,4,2021Q2,2021
20210430,2021-04-30,Friday,4,2021Q2,2021
20210503,2021-05-03,Monday,5,2021Q2,2021
20210504,2021-05-04,Tuesday,5,2021Q2,2021
20210505,2021-05-05,Wednesday,5,2021Q2,2021
20210506,2021-05-06,Thursday,5,2021Q2,2021
20210507,2021-05-07,Friday,5,2021Q2,2021
20210510,2021-05-10,Monday,5,2021Q2,2021
20210511,2021-05-11,Tuesday,5,2021Q2,2021
20210517,2021-05-17,Monday,5,2021Q2,2021
20210518,2021-05-18,Tuesday,5,2021Q2,2021
20210519,2021-05-19,Wednesday,5,2021Q2,2021
20210520,2021-05-20,Thursday,5,2021Q2,2021
20210521,2021-05-21,Friday,5,2021Q2,2021
20210522,2021-05-22,Saturday,5,2021Q2,2021
20210524,2021-05-24,Monday,5,2021Q2,2021
20210525,2021-05-25,Tuesday,5,2021Q2,2021
20210527,2021-05-27,Thursday,5,2021Q2,2021
20210528,2021-05-28,Friday,5,2021Q2,2021
20210531,2021-05-31,Monday,5,2021Q2,2021
20210602,2021-06-02,Wednesday,6,2021Q2,2021
20210603,2021-06-03,Thursday,6,2021Q2,2021
20210604,2021-06-04,Friday,6,2021Q2,2021
20210607,2021-06-07,Monday,6,2021Q2,2021
20210608,2021-06-08,Tuesday,6,2021Q2,2021
20210609,2021-06-09,Wednesday,6,2021Q2,2021
20210610,2021-06-10,Thursday,6,2021Q2,2021
20210611,2021-06-11,Friday,6,2021Q2,2021
20210614,2021-06-14,Monday,6,2021Q2,2021
20210615,2021-06-15,Tuesday,6,2021Q2,2021
20210616,2021-06-16,Wednesday,6,2021Q2,2021
20210617,2021-06-17,Thursday,6,2021Q2,2021
20210618,2021-06-18,Friday,6,2021Q2,2021
20210621,2021-06-21,Monday,6,2021Q2,2021
20210622,2021-06-22,Tuesday,6,2021Q2,2021
20210623,2021-06-23,Wednesday,6,2021Q2,2021
20210624,2021-06-24,Thursday,6,2021Q2,2021
20210625,2021-06-25,Friday,6,2021Q2,2021
20210628,2021-06-28,Monday,6,2021Q2,2021
20210629,2021-06-29,Tuesday,6,2021Q2,2021
20210630,2021-06-30,Wednesday,6,2021Q2,2021
20210701,2021-07-01,Thursday,7,2021Q3,2021
20210702,2021-07-02,Friday,7,2021Q3,2021
20210705,2021-07-05,Monday,7,2021Q3,2021
20210706,2021-07-06,Tuesday,7,2021Q3,2021
20210707,2021-07-07,Wednesday,7,2021Q3,2021
20210708,2021-07-08,Thursday,7,2021Q3,2021
20210709,2021-07-09,Friday,7,2021Q3,2021
20210712,2021-07-12,Monday,7,2021Q3,2021
20210713,2021-07-13,Tuesday,7,2021Q3,2021
20210714,2021-07-14,Wednesday,7,2021Q3,2021
20210715,2021-07-15,Thursday,7,2021Q3,2021
20210716,2021-07-16,Friday,7,2021Q3,2021
20210719,2021-07-19,Monday,7,2021Q3,2021
20210721,2021-07-21,Wednesday,7,2021Q3,2021
20210722,2021-07-22,Thursday,7,2021Q3,2021
20210723,2021-07-23,Friday,7,2021Q3,2021
20210726,2021-07-26,Monday,7,2021Q3,2021
20210727,2021-07-27,Tuesday,7,2021Q3,2021
20210728,2021-07-28,Wednesday,7,2021Q3,2021
20210729,2021-07-29,Thursday,7,2021Q3,2021
20210730,2021-07-30,Friday,7,2021Q3,2021
20210802,2021-08-02,Monday,8,2021Q3,2021
20210803,2021-08-03,Tuesday,8,2021Q3,2021
20210804,2021-08-04,Wednesday,8,2021Q3,2021
20210805,2021-08-05,Thursday,8,2021Q3,2021
20210806,2021-08-06,Friday,8,2021Q3,2021
20210809,2021-08-09,Monday,8,2021Q3,2021
20210810,2021-08-10,Tuesday,8,2021Q3,2021
20210812,2021-08-12,Thursday,8,2021Q3,2021
20210813,2021-08-13,Friday,8,2021Q3,2021
20210816,2021-08-16,Monday,8,2021Q3,2021
20210818,2021-08-18,Wednesday,8,2021Q3,2021
20210819,2021-08-19,Thursday,8,2021Q3,2021
20210820,2021-08-20,Friday,8,2021Q3,2021
20210823,2021-08-23,Monday,8,2021Q3,2021
20210824,2021-08-24,Tuesday,8,2021Q3,2021
20210825,2021-08-25,Wednesday,8,2021Q3,2021
20210826,2021-08-26,Thursday,8,2021Q3,2021
20210827,2021-08-27,Friday,8,2021Q3,2021
20210830,2021-08-30,Monday,8,2021Q3,2021
20210831,2021-08-31,Tuesday,8,2021Q3,2021
20210901,2021-09-01,Wednesday,9,2021Q3,2021
20210902,2021-09-02,Thursday,9,2021Q3,2021
20210903,2021-09-03,Friday,9,2021Q3,2021
20210906,2021-09-06,Monday,9,2021Q3,2021
20210907,2021-09-07,Tuesday,9,2021Q3,2021
20210908,2021-09-08,Wednesday,9,2021Q3,2021
20210909,2021-09-09,Thursday,9,2021Q3,2021
20210910,2021-09-10,Friday,9,2021Q3,2021
20210913,2021-09-13,Monday,9,2021Q3,2021
20210914,2021-09-14,Tuesday,9,2021Q3,2021
20210915,2021-09-15,Wednesday,9,2021Q3,2021
20210916,2021-09-16,Thursday,9,2021Q3,2021
20210917,2021-09-17,Friday,9,2021Q3,2021
20210920,2021-09-20,Monday,9,2021Q3,2021
20210921,2021-09-21,Tuesday,9,2021Q3,2021
20210922,2021-09-22,Wednesday,9,2021Q3,2021
20210923,2021-09-23,Thursday,9,2021Q3,2021
20210924,2021-09-24,Friday,9,2021Q3,2021
20210927,2021-09-27,Monday,9,2021Q3,2021
20210928,2021-09-28,Tuesday,9,2021Q3,2021
20210929,2021-09-29,Wednesday,9,2021Q3,2021
20210930,2021-09-30,Thursday,9,2021Q3,2021
20211001,2021-10-01,Friday,10,2021Q4,2021
20211004,2021-10-04,Monday,10,2021Q4,2021
20211005,2021-10-05,Tuesday,10,2021Q4,2021
20211006,2021-10-06,Wednesday,10,2021Q4,2021
20211007,2021-10-07,Thursday,10,2021Q4,2021
20211008,2021-10-08,Friday,10,2021Q4,2021
20211011,2021-10-11,Monday,10,2021Q4,2021
20211012,2021-10-12,Tuesday,10,2021Q4,2021
20211013,2021-10-13,Wednesday,10,2021Q4,2021
20211014,2021-10-14,Thursday,10,2021Q4,2021
20211015,2021-10-15,Friday,10,2021Q4,2021
20211018,2021-10-18,Monday,10,2021Q4,2021
20211019,2021-10-19,Tuesday,10,2021Q4,2021
20211021,2021-10-21,Thursday,10,2021Q4,2021
20211022,2021-10-22,Friday,10,2021Q4,2021
20211025,2021-10-25,Monday,10,2021Q4,2021
20211026,2021-10-26,Tuesday,10,2021Q4,2021
20211027,2021-10-27,Wednesday,10,2021Q4,2021
20211028,2021-10-28,Thursday,10,2021Q4,2021
20211029,2021-10-29,Friday,10,2021Q4,2021
20211101,2021-11-01,Monday,11,2021Q4,2021
20211102,2021-11-02,Tuesday,11,2021Q4,2021
20211103,2021-11-03,Wednesday,11,2021Q4,2021
20211104,2021-11-04,Thursday,11,2021Q4,2021
20211105,2021-11-05,Friday,11,2021Q4,2021
20211108,2021-11-08,Monday,11,2021Q4,2021
20211109,2021-11-09,Tuesday,11,2021Q4,2021
20211110,2021-11-10,Wednesday,11,2021Q4,2021
20211111,2021-11-11,Thursday,11,2021Q4,2021
20211112,2021-11-12,Friday,11,2021Q4,2021
20211115,2021-11-15,Monday,11,2021Q4,2021
20211116,2021-11-16,Tuesday,11,2021Q4,2021
20211117,2021-11-17,Wednesday,11,2021Q4,2021
20211118,2021-11-18,Thursday,11,2021Q4,2021
20211119,2021-11-19,Friday,11,2021Q4,2021
20211122,2021-11-22,Monday,11,2021Q4,2021
20211123,2021-11-23,Tuesday,11,2021Q4,2021
20211124,2021-11-24,Wednesday,11,2021Q4,2021
20211125,2021-11-25,Thursday,11,2021Q4,2021
20211126,2021-11-26,Friday,11,2021Q4,2021
20211129,2021-11-29,Monday,11,2021Q4,2021
20211130,2021-11-30,Tuesday,11,2021Q4,2021
20211201,2021-12-01,Wednesday,12,2021Q4,2021
20211202,2021-12-02,Thursday,12,2021Q4,2021
20211203,2021-12-03,Friday,12,2021Q4,2021
20211206,2021-12-06,Monday,12,2021Q4,2021
20211207,2021-12-07,Tuesday,12,2021Q4,2021
20211208,2021-12-08,Wednesday,12,2021Q4,2021
20211209,2021-12-09,Thursday,12,2021Q4,2021
20211210,2021-12-10,Friday,12,2021Q4,2021
20211213,2021-12-13,Monday,12,2021Q4,2021
20211214,2021-12-14,Tuesday,12,2021Q4,2021
20211215,2021-12-15,Wednesday,12,2021Q4,2021
20211216,2021-12-16,Thursday,12,2021Q4,2021
20211217,2021-12-17,Friday,12,2021Q4,2021
20211220,2021-12-20,Monday,12,2021Q4,2021
20211221,2021-12-21,Tuesday,12,2021Q4,2021
20211222,2021-12-22,Wednesday,12,2021Q4,2021
20211223,2021-12-23,Thursday,12,2021Q4,2021
20211224,2021-12-24,Friday,12,2021Q4,2021
20211227,2021-12-27,Monday,12,2021Q4,2021
20211228,2021-12-28,Tuesday,12,2021Q4,2021
20211229,2021-12-29,Wednesday,12,2021Q4,2021
20211230,2021-12-30,Thursday,12,2021Q4,2021
20220103,2022-01-03,Monday,1,2022Q1,2022
20220104,2022-01-04,Tuesday,1,2022Q1,2022
20220105,2022-01-05,Wednesday,1,2022Q1,2022
20220106,2022-01-06,Thursday,1,2022Q1,2022
20220107,2022-01-07,Friday,1,2022Q1,2022
20220110,2022-01-10,Monday,1,2022Q1,2022
20220111,2022-01-11,Tuesday,1,2022Q1,2022
20220112,2022-01-12,Wednesday,1,2022Q1,2022
20220113,2022-01-13,Thursday,1,2022Q1,2022
20220114,2022-01-14,Friday,1,2022Q1,2022
20220117,2022-01-17,Monday,1,2022Q1,2022
20220118,2022-01-18,Tuesday,1,2022Q1,2022
20220119,2022-01-19,Wednesday,1,2022Q1,2022
20220120,2022-01-20,Thursday,1,2022Q1,2022
20220121,2022-01-21,Friday,1,2022Q1,2022
20220124,2022-01-24,Monday,1,2022Q1,2022
20220125,2022-01-25,Tuesday,1,2022Q1,2022
20220126,2022-01-26,Wednesday,1,2022Q1,2022
20220127,2022-01-27,Thursday,1,2022Q1,2022
20220128,2022-01-28,Friday,1,2022Q1,2022
20220131,2022-01-31,Monday,1,2022Q1,2022
20220202,2022-02-02,Wednesday,2,2022Q1,2022
20220203,2022-02-03,Thursday,2,2022Q1,2022
20220204,2022-02-04,Friday,2,2022Q1,2022
20220207,2022-02-07,Monday,2,2022Q1,2022
20220208,2022-02-08,Tuesday,2,2022Q1,2022
20220209,2022-02-09,Wednesday,2,2022Q1,2022
20220210,2022-02-10,Thursday,2,2022Q1,2022
20220211,2022-02-11,Friday,2,2022Q1,2022
20220214,2022-02-14,Monday,2,2022Q1,2022
20220215,2022-02-15,Tuesday,2,2022Q1,2022
20220216,2022-02-16,Wednesday,2,2022Q1,2022
20220217,2022-02-17,Thursday,2,2022Q1,2022
20220218,2022-02-18,Friday,2,2022Q1,2022
20220221,2022-02-21,Monday,2,2022Q1,2022
20220222,2022-02-22,Tuesday,2,2022Q1,2022
20220223,2022-02-23,Wednesday,2,2022Q1,2022
20220224,2022-02-24,Thursday,2,2022Q1,2022
20220225,2022-02-25,Friday,2,2022Q1,2022
20220301,2022-03-01,Tuesday,3,2022Q1,2022
20220302,2022-03-02,Wednesday,3,2022Q1,2022
20220304,2022-03-04,Friday,3,2022Q1,2022
20220307,2022-03-07,Monday,3,2022Q1,2022
20220308,2022-03-08,Tuesday,3,2022Q1,2022
20220309,2022-03-09,Wednesday,3,2022Q1,2022
20220310,2022-03-10,Thursday,3,2022Q1,2022
20220311,2022-03-11,Friday,3,2022Q1,2022
20220314,2022-03-14,Monday,3,2022Q1,2022
20220315,2022-03-15,Tuesday,3,2022Q1,2022
20220316,2022-03-16,Wednesday,3,2022Q1,2022
20220317,2022-03-17,Thursday,3,2022Q1,2022
20220318,2022-03-18,Friday,3,2022Q1,2022
20220321,2022-03-21,Monday,3,2022Q1,2022
20220322,2022-03-22,Tuesday,3,2022Q1,2022
20220323,2022-03-23,Wednesday,3,2022Q1,2022
20220324,2022-03-24,Thursday,3,2022Q1,2022
20220325,2022-03-25,Friday,3,2022Q1,2022
20220328,2022-03-28,Monday,3,2022Q1,2022
20220329,2022-03-29,Tuesday,3,2022Q1,2022
20220330,2022-03-30,Wednesday,3,2022Q1,2022
20220331,2022-03-31,Thursday,3,2022Q1,2022
20220401,2022-04-01,Friday,4,2022Q2,2022
20220404,2022-04-04,Monday,4,2022Q2,2022
20220405,2022-04-05,Tuesday,4,2022Q2,2022
20220406,2022-04-06,Wednesday,4,2022Q2,2022
20220407,2022-04-07,Thursday,4,2022Q2,2022
20220408,2022-04-08,Friday,4,2022Q2,2022
20220411,2022-04-11,Monday,4,2022Q2,2022
20220412,2022-04-12,Tuesday,4,2022Q2,2022
20220413,2022-04-13,Wednesday,4,2022Q2,2022
20220414,2022-04-14,Thursday,4,2022Q2,2022
20220418,2022-04-18,Monday,4,2022Q2,2022
20220419,2022-04-19,Tuesday,4,2022Q2,2022
20220420,2022-04-20,Wednesday,4,2022Q2,2022
20220421,2022-04-21,Thursday,4,2022Q2,2022
20220422,2022-04-22,Friday,4,2022Q2,2022
20220425,2022-04-25,Monday,4,2022Q2,2022
20220426,2022-04-26,Tuesday,4,2022Q2,2022
20220427,2022-04-27,Wednesday,4,2022Q2,2022
20220428,2022-04-28,Thursday,4,2022Q2,2022
20220509,2022-05-09,Monday,5,2022Q2,2022
20220510,2022-05-10,Tuesday,5,2022Q2,2022
20220511,2022-05-11,Wednesday,5,2022Q2,2022
20220512,2022-05-12,Thursday,5,2022Q2,2022
20220513,2022-05-13,Friday,5,2022Q2,2022
20220517,2022-05-17,Tuesday,5,2022Q2,2022
20220518,2022-05-18,Wednesday,5,2022Q2,2022
20220519,2022-05-19,Thursday,5,2022Q2,2022
20220520,2022-05-20,Friday,5,2022Q2,2022
20220523,2022-05-23,Monday,5,2022Q2,2022
20220524,2022-05-24,Tuesday,5,2022Q2,2022
20220525,2022-05-25,Wednesday,5,2022Q2,2022
20220527,2022-05-27,Friday,5,2022Q2,2022
20220530,2022-05-30,Monday,5,2022Q2,2022
20220531,2022-05-31,Tuesday,5,2022Q2,2022
20220602,2022-06-02,Thursday,6,2022Q2,2022
20220603,2022-06-03,Friday,6,2022Q2,2022
20220606,2022-06-06,Monday,6,2022Q2,2022
20220607,2022-06-07,Tuesday,6,2022Q2,2022
20220608,2022-06-08,Wednesday,6,2022Q2,2022
20220609,2022-06-09,Thursday,6,2022Q2,2022
20220610,2022-06-10,Friday,6,2022Q2,2022
20220613,2022-06-13,Monday,6,2022Q2,2022
20220614,2022-06-14,Tuesday,6,2022Q2,2022
20220615,2022-06-15,Wednesday,6,2022Q2,2022
20220616,2022-06-16,Thursday,6,2022Q2,2022
20220617,2022-06-17,Friday,6,2022Q2,2022
20220620,2022-06-20,Monday,6,2022Q2,2022
20220621,2022-06-21,Tuesday,6,2022Q2,2022
20220622,2022-06-22,Wednesday,6,2022Q2,2022
20220623,2022-06-23,Thursday,6,2022Q2,2022
20220624,2022-06-24,Friday,6,2022Q2,2022
20220627,2022-06-27,Monday,6,2022Q2,2022
20220628,2022-06-28,Tuesday,6,2022Q2,2022
20220629,2022-06-29,Wednesday,6,2022Q2,2022
20220630,2022-06-30,Thursday,6,2022Q2,2022
20220701,2022-07-01,Friday,7,2022Q3,2022
20220704,2022-07-04,Monday,7,2022Q3,2022
20220705,2022-07-05,Tuesday,7,2022Q3,2022
20220706,2022-07-06,Wednesday,7,2022Q3,2022
20220707,2022-07-07,Thursday,7,2022Q3,2022
20220708,2022-07-08,Friday,7,2022Q3,2022
20220711,2022-07-11,Monday,7,2022Q3,2022
20220712,2022-07-12,Tuesday,7,2022Q3,2022
20220713,2022-07-13,Wednesday,7,2022Q3,2022
20220714,2022-07-14,Thursday,7,2022Q3,2022
20220715,2022-07-15,Friday,7,2022Q3,2022
20220718,2022-07-18,Monday,7,2022Q3,2022
20220719,2022-07-19,Tuesday,7,2022Q3,2022
20220720,2022-07-20,Wednesday,7,2022Q3,2022
20220721,2022-07-21,Thursday,7,2022Q3,2022
20220722,2022-07-22,Friday,7,2022Q3,2022
20220725,2022-07-25,Monday,7,2022Q3,2022
20220726,2022-07-26,Tuesday,7,2022Q3,2022
20220727,2022-07-27,Wednesday,7,2022Q3,2022
20220728,2022-07-28,Thursday,7,2022Q3,2022
20220729,2022-07-29,Friday,7,2022Q3,2022
20220801,2022-08-01,Monday,8,2022Q3,2022
20220802,2022-08-02,Tuesday,8,2022Q3,2022
20220803,2022-08-03,Wednesday,8,2022Q3,2022
20220804,2022-08-04,Thursday,8,2022Q3,2022
20220805,2022-08-05,Friday,8,2022Q3,2022
20220808,2022-08-08,Monday,8,2022Q3,2022
20220809,2022-08-09,Tuesday,8,2022Q3,2022
20220810,2022-08-10,Wednesday,8,2022Q3,2022
20220811,2022-08-11,Thursday,8,2022Q3,2022
20220812,2022-08-12,Friday,8,2022Q3,2022
20220815,2022-08-15,Monday,8,2022Q3,2022
20220816,2022-08-16,Tuesday,8,2022Q3,2022
20220818,2022-08-18,Thursday,8,2022Q3,2022
20220819,2022-08-19,Friday,8,2022Q3,2022
20220822,2022-08-22,Monday,8,2022Q3,2022
20220823,2022-08-23,Tuesday,8,2022Q3,2022
20220824,2022-08-24,Wednesday,8,2022Q3,2022
20220825,2022-08-25,Thursday,8,2022Q3,2022
20220826,2022-08-26,Friday,8,2022Q3,2022
20220829,2022-08-29,Monday,8,2022Q3,2022
20220830,2022-08-30,Tuesday,8,2022Q3,2022
20220831,2022-08-31,Wednesday,8,2022Q3,2022
20220901,2022-09-01,Thursday,9,2022Q3,2022
20220902,2022-09-02,Friday,9,2022Q3,2022
20220905,2022-09-05,Monday,9,2022Q3,2022
20220906,2022-09-06,Tuesday,9,2022Q3,2022
20220907,2022-09-07,Wednesday,9,2022Q3,2022
20220908,2022-09-08,Thursday,9,2022Q3,2022
20220909,2022-09-09,Friday,9,2022Q3,2022
20220912,2022-09-12,Monday,9,2022Q3,2022
20220913,2022-09-13,Tuesday,9,2022Q3,2022
20220914,2022-09-14,Wednesday,9,2022Q3,2022
20220915,2022-09-15,Thursday,9,2022Q3,2022
20220916,2022-09-16,Friday,9,2022Q3,2022
20220919,2022-09-19,Monday,9,2022Q3,2022
20220920,2022-09-20,Tuesday,9,2022Q3,2022
20220921,2022-09-21,Wednesday,9,2022Q3,2022
20220922,2022-09-22,Thursday,9,2022Q3,2022
20220923,2022-09-23,Friday,9,2022Q3,2022
20220926,2022-09-26,Monday,9,2022Q3,2022
20220927,2022-09-27,Tuesday,9,2022Q3,2022
20220928,2022-09-28,Wednesday,9,2022Q3,2022
20220929,2022-09-29,Thursday,9,2022Q3,2022
20220930,2022-09-30,Friday,9,2022Q3,2022
20221003,2022-10-03,Monday,10,2022Q4,2022
20221004,2022-10-04,Tuesday,10,2022Q4,2022
20221005,2022-10-05,Wednesday,10,2022Q4,2022
20221006,2022-10-06,Thursday,10,2022Q4,2022
20221007,2022-10-07,Friday,10,2022Q4,2022
20221010,2022-10-10,Monday,10,2022Q4,2022
20221011,2022-10-11,Tuesday,10,2022Q4,2022
20221012,2022-10-12,Wednesday,10,2022Q4,2022
20221013,2022-10-13,Thursday,10,2022Q4,2022
20221014,2022-10-14,Friday,10,2022Q4,2022
20221017,2022-10-17,Monday,10,2022Q4,2022
20221018,2022-10-18,Tuesday,10,2022Q4,2022
20221019,2022-10-19,Wednesday,10,2022Q4,2022
20221020,2022-10-20,Thursday,10,2022Q4,2022
20221021,2022-10-21,Friday,10,2022Q4,2022
20221024,2022-10-24,Monday,10,2022Q4,2022
20221025,2022-10-25,Tuesday,10,2022Q4,2022
20221026,2022-10-26,Wednesday,10,2022Q4,2022
20221027,2022-10-27,Thursday,10,2022Q4,2022
20221028,2022-10-28,Friday,10,2022Q4,2022
20221031,2022-10-31,Monday,10,2022Q4,2022
20221101,2022-11-01,Tuesday,11,2022Q4,2022
20221102,2022-11-02,Wednesday,11,2022Q4,2022
20221103,2022-11-03,Thursday,11,2022Q4,2022
20221104,2022-11-04,Friday,11,2022Q4,2022
20221107,2022-11-07,Monday,11,2022Q4,2022
20221108,2022-11-08,Tuesday,11,2022Q4,2022
20221109,2022-11-09,Wednesday,11,2022Q4,2022
20221110,2022-11-10,Thursday,11,2022Q4,2022
20221111,2022-11-11,Friday,11,2022Q4,2022
20221114,2022-11-14,Monday,11,2022Q4,2022
20221115,2022-11-15,Tuesday,11,2022Q4,2022
20221116,2022-11-16,Wednesday,11,2022Q4,2022
20221117,2022-11-17,Thursday,11,2022Q4,2022
20221118,2022-11-18,Friday,11,2022Q4,2022
20221121,2022-11-21,Monday,11,2022Q4,2022
20221122,2022-11-22,Tuesday,11,2022Q4,2022
20221123,2022-11-23,Wednesday,11,2022Q4,2022
20221124,2022-11-24,Thursday,11,2022Q4,2022
20221125,2022-11-25,Friday,11,2022Q4,2022
20221128,2022-11-28,Monday,11,2022Q4,2022
20221129,2022-11-29,Tuesday,11,2022Q4,2022
20221130,2022-11-30,Wednesday,11,2022Q4,2022
20221201,2022-12-01,Thursday,12,2022Q4,2022
20221202,2022-12-02,Friday,12,2022Q4,2022
20221205,2022-12-05,Monday,12,2022Q4,2022
20221206,2022-12-06,Tuesday,12,2022Q4,2022
20221207,2022-12-07,Wednesday,12,2022Q4,2022
20221208,2022-12-08,Thursday,12,2022Q4,2022
20221209,2022-12-09,Friday,12,2022Q4,2022
20221212,2022-12-12,Monday,12,2022Q4,2022
20221213,2022-12-13,Tuesday,12,2022Q4,2022
20221214,2022-12-14,Wednesday,12,2022Q4,2022
20221215,2022-12-15,Thursday,12,2022Q4,2022
20221216,2022-12-16,Friday,12,2022Q4,2022
20221219,2022-12-19,Monday,12,2022Q4,2022
20221220,2022-12-20,Tuesday,12,2022Q4,2022
20221221,2022-12-21,Wednesday,12,2022Q4,2022
20221222,2022-12-22,Thursday,12,2022Q4,2022
20221223,2022-12-23,Friday,12,2022Q4,2022
20221226,2022-12-26,Monday,12,2022Q4,2022
20221227,2022-12-27,Tuesday,12,2022Q4,2022
20221228,2022-12-28,Wednesday,12,2022Q4,2022
20221229,2022-12-29,Thursday,12,2022Q4,2022
20221230,2022-12-30,Friday,12,2022Q4,2022
20230102,2023-01-02,Monday,1,2023Q1,2023
20230103,2023-01-03,Tuesday,1,2023Q1,2023
20230104,2023-01-04,Wednesday,1,2023Q1,2023
20230105,2023-01-05,Thursday,1,2023Q1,2023
20230106,2023-01-06,Friday,1,2023Q1,2023
20230109,2023-01-09,Monday,1,2023Q1,2023
20230110,2023-01-10,Tuesday,1,2023Q1,2023
20230111,2023-01-11,Wednesday,1,2023Q1,2023
20230112,2023-01-12,Thursday,1,2023Q1,2023
20230113,2023-01-13,Friday,1,2023Q1,2023
20230116,2023-01-16,Monday,1,2023Q1,2023
20230117,2023-01-17,Tuesday,1,2023Q1,2023
20230118,2023-01-18,Wednesday,1,2023Q1,2023
20230119,2023-01-19,Thursday,1,2023Q1,2023
20230120,2023-01-20,Friday,1,2023Q1,2023
20230124,2023-01-24,Tuesday,1,2023Q1,2023
20230125,2023-01-25,Wednesday,1,2023Q1,2023
20230126,2023-01-26,Thursday,1,2023Q1,2023
20230127,2023-01-27,Friday,1,2023Q1,2023
20230130,2023-01-30,Monday,1,2023Q1,2023
20230131,2023-01-31,Tuesday,1,2023Q1,2023
20230201,2023-02-01,Wednesday,2,2023Q1,2023
20230202,2023-02-02,Thursday,2,2023Q1,2023
20230203,2023-02-03,Friday,2,2023Q1,2023
20230207,2023-02-07,Tuesday,2,2023Q1,2023
20230208,2023-02-08,Wednesday,2,2023Q1,2023
20230209,2023-02-09,Thursday,2,2023Q1,2023
20230210,2023-02-10,Friday,2,2023Q1,2023
20230213,2023-02-13,Monday,2,2023Q1,2023
20230214,2023-02-14,Tuesday,2,2023Q1,2023
20230215,2023-02-15,Wednesday,2,2023Q1,2023
20230216,2023-02-16,Thursday,2,2023Q1,2023
20230217,2023-02-17,Friday,2,2023Q1,2023
20230220,2023-02-20,Monday,2,2023Q1,2023
20230221,2023-02-21,Tuesday,2,2023Q1,2023
20230222,2023-02-22,Wednesday,2,2023Q1,2023
20230223,2023-02-23,Thursday,2,2023Q1,2023
20230224,2023-02-24,Friday,2,2023Q1,2023
20230227,2023-02-27,Monday,2,2023Q1,2023
20230228,2023-02-28,Tuesday,2,2023Q1,2023
20230301,2023-03-01,Wednesday,3,2023Q1,2023
20230302,2023-03-02,Thursday,3,2023Q1,2023
20230303,2023-03-03,Friday,3,2023Q1,2023
20230306,2023-03-06,Monday,3,2023Q1,2023
20230307,2023-03-07,Tuesday,3,2023Q1,2023
20230308,2023-03-08,Wednesday,3,2023Q1,2023
20230309,2023-03-09,Thursday,3,2023Q1,2023
20230310,2023-03-10,Friday,3,2023Q1,2023
20230313,2023-03-13,Monday,3,2023Q1,2023
20230314,2023-03-14,Tuesday,3,2023Q1,2023
20230315,2023-03-15,Wednesday,3,2023Q1,2023
20230316,2023-03-16,Thursday,3,2023Q1,2023
20230317,2023-03-17,Friday,3,2023Q1,2023
20230320,2023-03-20,Monday,3,2023Q1,2023
20230321,2023-03-21,Tuesday,3,2023Q1,2023
20230324,2023-03-24,Friday,3,2023Q1,2023
20230327,2023-03-27,Monday,3,2023Q1,2023
20230328,2023-03-28,Tuesday,3,2023Q1,2023
20230329,2023-03-29,Wednesday,3,2023Q1,2023
20230330,2023-03-30,Thursday,3,2023Q1,2023
20230331,2023-03-31,Friday,3,2023Q1,2023
20230403,2023-04-03,Monday,4,2023Q2,2023
20230404,2023-04-04,Tuesday,4,2023Q2,2023
20230405,2023-04-05,Wednesday,4,2023Q2,2023
20230406,2023-04-06,Thursday,4,2023Q2,2023
20230410,2023-04-10,Monday,4,2023Q2,2023
20230411,2023-04-11,Tuesday,4,2023Q2,2023
20230412,2023-04-12,Wednesday,4,2023Q2,2023
20230413,2023-04-13,Thursday,4,2023Q2,2023
20230414,2023-04-14,Friday,4,2023Q2,2023
20230417,2023-04-17,Monday,4,2023Q2,2023
20230418,2023-04-18,Tuesday,4,2023Q2,2023
20230426,2023-04-26,Wednesday,4,2023Q2,2023
20230427,2023-04-27,Thursday,4,2023Q2,2023
20230428,2023-04-28,Friday,4,2023Q2,2023
20230502,2023-05-02,Tuesday,5,2023Q2,2023
20230503,2023-05-03,Wednesday,5,2023Q2,2023
20230504,2023-05-04,Thursday,5,2023Q2,2023
20230505,2023-05-05,Friday,5,2023Q2,2023
20230508,2023-05-08,Monday,5,2023Q2,2023
20230509,2023-05-09,Tuesday,5,2023Q2,2023
20230510,2023-05-10,Wednesday,5,2023Q2,2023
20230511,2023-05-11,Thursday,5,2023Q2,2023
20230512,2023-05-12,Friday,5,2023Q2,2023
20230515,2023-05-15,Monday,5,2023Q2,2023
20230516,2023-05-16,Tuesday,5,2023Q2,2023
20230517,2023-05-17,Wednesday,5,2023Q2,2023
20230519,2023-05-19,Friday,5,2023Q2,2023
20230522,2023-05-22,Monday,5,2023Q2,2023
20230523,2023-05-23,Tuesday,5,2023Q2,2023
20230524,2023-05-24,Wednesday,5,2023Q2,2023
20230525,2023-05-25,Thursday,5,2023Q2,2023
20230526,2023-05-26,Friday,5,2023Q2,2023
20230529,2023-05-29,Monday,5,2023Q2,2023
20230530,2023-05-30,Tuesday,5,2023Q2,2023
20230531,2023-05-31,Wednesday,5,2023Q2,2023
20230605,2023-06-05,Monday,6,2023Q2,2023
20230606,2023-06-06,Tuesday,6,2023Q2,2023
20230607,2023-06-07,Wednesday,6,2023Q2,2023
20230608,2023-06-08,Thursday,6,2023Q2,2023
20230609,2023-06-09,Friday,6,2023Q2,2023
20230612,2023-06-12,Monday,6,2023Q2,2023
20230613,2023-06-13,Tuesday,6,2023Q2,2023
20230614,2023-06-14,Wednesday,6,2023Q2,2023
20230615,2023-06-15,Thursday,6,2023Q2,2023
20230616,2023-06-16,Friday,6,2023Q2,2023
20230619,2023-06-19,Monday,6,2023Q2,2023
20230620,2023-06-20,Tuesday,6,2023Q2,2023
20230621,2023-06-21,Wednesday,6,2023Q2,2023
20230622,2023-06-22,Thursday,6,2023Q2,2023
20230623,2023-06-23,Friday,6,2023Q2,2023
20230626,2023-06-26,Monday,6,2023Q2,2023
20230627,2023-06-27,Tuesday,6,2023Q2,2023
20230703,2023-07-03,Monday,7,2023Q3,2023
20230704,2023-07-04,Tuesday,7,2023Q3,2023
20230705,2023-07-05,Wednesday,7,2023Q3,2023
20230706,2023-07-06,Thursday,7,2023Q3,2023
20230707,2023-07-07,Friday,7,2023Q3,2023
20230710,2023-07-10,Monday,7,2023Q3,2023
20230711,2023-07-11,Tuesday,7,2023Q3,2023
20230712,2023-07-12,Wednesday,7,2023Q3,2023
20230713,2023-07-13,Thursday,7,2023Q3,2023
20230714,2023-07-14,Friday,7,2023Q3,2023
20230717,2023-07-17,Monday,7,2023Q3,2023
20230718,2023-07-18,Tuesday,7,2023Q3,2023
20230720,2023-07-20,Thursday,7,2023Q3,2023
20230721,2023-07-21,Friday,7,2023Q3,2023
20230724,2023-07-24,Monday,7,2023Q3,2023
20230725,2023-07-25,Tuesday,7,2023Q3,2023
20230726,2023-07-26,Wednesday,7,2023Q3,2023
20230727,2023-07-27,Thursday,7,2023Q3,2023
20230728,2023-07-28,Friday,7,2023Q3,2023
20230731,2023-07-31,Monday,7,2023Q3,2023
20230801,2023-08-01,Tuesday,8,2023Q3,2023
20230802,2023-08-02,Wednesday,8,2023Q3,2023
20230803,2023-08-03,Thursday,8,2023Q3,2023
20230804,2023-08-04,Friday,8,2023Q3,2023
20230807,2023-08-07,Monday,8,2023Q3,2023
20230808,2023-08-08,Tuesday,8,2023Q3,2023
20230809,2023-08-09,Wednesday,8,2023Q3,2023
20230810,2023-08-10,Thursday,8,2023Q3,2023
20230811,2023-08-11,Friday,8,2023Q3,2023
20230814,2023-08-14,Monday,8,2023Q3,2023
20230815,2023-08-15,Tuesday,8,2023Q3,2023
20230816,2023-08-16,Wednesday,8,2023Q3,2023
20230818,2023-08-18,Friday,8,2023Q3,2023
20230821,2023-08-21,Monday,8,2023Q3,2023
20230822,2023-08-22,Tuesday,8,2023Q3,2023
20230823,2023-08-23,Wednesday,8,2023Q3,2023
20230824,2023-08-24,Thursday,8,2023Q3,2023
20230825,2023-08-25,Friday,8,2023Q3,2023
20230828,2023-08-28,Monday,8,2023Q3,2023
20230829,2023-08-29,Tuesday,8,2023Q3,2023
20230830,2023-08-30,Wednesday,8,2023Q3,2023
20230831,2023-08-31,Thursday,8,2023Q3,2023
20230901,2023-09-01,Friday,9,2023Q3,2023
20230904,2023-09-04,Monday,9,2023Q3,2023
20230905,2023-09-05,Tuesday,9,2023Q3,2023
20230906,2023-09-06,Wednesday,9,2023Q3,2023
20230907,2023-09-07,Thursday,9,2023Q3,2023
20230908,2023-09-08,Friday,9,2023Q3,2023
20230911,2023-09-11,Monday,9,2023Q3,2023
20230912,2023-09-12,Tuesday,9,2023Q3,2023
20230913,2023-09-13,Wednesday,9,2023Q3,2023
20230914,2023-09-14,Thursday,9,2023Q3,2023
20230915,2023-09-15,Friday,9,2023Q3,2023
20230918,2023-09-18,Monday,9,2023Q3,2023
20230919,2023-09-19,Tuesday,9,2023Q3,2023
20230920,2023-09-20,Wednesday,9,2023Q3,2023
20230921,2023-09-21,Thursday,9,2023Q3,2023
20230922,2023-09-22,Friday,9,2023Q3,2023
20230925,2023-09-25,Monday,9,2023Q3,2023
20230926,2023-09-26,Tuesday,9,2023Q3,2023
20230927,2023-09-27,Wednesday,9,2023Q3,2023
20230929,2023-09-29,Friday,9,2023Q3,2023
20231002,2023-10-02,Monday,10,2023Q4,2023
20231003,2023-10-03,Tuesday,10,2023Q4,2023
20231004,2023-10-04,Wednesday,10,2023Q4,2023
20231005,2023-10-05,Thursday,10,2023Q4,2023
20231006,2023-10-06,Friday,10,2023Q4,2023
20231009,2023-10-09,Monday,10,2023Q4,2023
20231010,2023-10-10,Tuesday,10,2023Q4,2023
20231011,2023-10-11,Wednesday,10,2023Q4,2023
20231012,2023-10-12,Thursday,10,2023Q4,2023
20231013,2023-10-13,Friday,10,2023Q4,2023
20231016,2023-10-16,Monday,10,2023Q4,2023
20231017,2023-10-17,Tuesday,10,2023Q4,2023
20231018,2023-10-18,Wednesday,10,2023Q4,2023
20231019,2023-10-19,Thursday,10,2023Q4,2023
20231020,2023-10-20,Friday,10,2023Q4,2023
20231023,2023-10-23,Monday,10,2023Q4,2023
20231024,2023-10-24,Tuesday,10,2023Q4,2023
20231025,2023-10-25,Wednesday,10,2023Q4,2023
20231026,2023-10-26,Thursday,10,2023Q4,2023
20231027,2023-10-27,Friday,10,2023Q4,2023
20231030,2023-10-30,Monday,10,2023Q4,2023
20231031,2023-10-31,Tuesday,10,2023Q4,2023
20231101,2023-11-01,Wednesday,11,2023Q4,2023
20231102,2023-11-02,Thursday,11,2023Q4,2023
20231103,2023-11-03,Friday,11,2023Q4,2023
20231106,2023-11-06,Monday,11,2023Q4,2023
20231107,2023-11-07,Tuesday,11,2023Q4,2023
20231108,2023-11-08,Wednesday,11,2023Q4,2023
20231109,2023-11-09,Thursday,11,2023Q4,2023
20231110,2023-11-10,Friday,11,2023Q4,2023
20231113,2023-11-13,Monday,11,2023Q4,2023
20231114,2023-11-14,Tuesday,11,2023Q4,2023
20231115,2023-11-15,Wednesday,11,2023Q4,2023
20231116,2023-11-16,Thursday,11,2023Q4,2023
20231117,2023-11-17,Friday,11,2023Q4,2023
20231120,2023-11-20,Monday,11,2023Q4,2023
20231121,2023-11-21,Tuesday,11,2023Q4,2023
20231122,2023-11-22,Wednesday,11,2023Q4,2023
20231123,2023-11-23,Thursday,11,2023Q4,2023
20231124,2023-11-24,Friday,11,2023Q4,2023
20231127,2023-11-27,Monday,11,2023Q4,2023
20231128,2023-11-28,Tuesday,11,2023Q4,2023
20231129,2023-11-29,Wednesday,11,2023Q4,2023
20231130,2023-11-30,Thursday,11,2023Q4,2023
20231201,2023-12-01,Friday,12,2023Q4,2023
20231204,2023-12-04,Monday,12,2023Q4,2023
20231205,2023-12-05,Tuesday,12,2023Q4,2023
20231206,2023-12-06,Wednesday,12,2023Q4,2023
20231207,2023-12-07,Thursday,12,2023Q4,2023
20231208,2023-12-08,Friday,12,2023Q4,2023
20231211,2023-12-11,Monday,12,2023Q4,2023
20231212,2023-12-12,Tuesday,12,2023Q4,2023
20231213,2023-12-13,Wednesday,12,2023Q4,2023
20231214,2023-12-14,Thursday,12,2023Q4,2023
20231215,2023-12-15,Friday,12,2023Q4,2023
20231218,2023-12-18,Monday,12,2023Q4,2023
20231219,2023-12-19,Tuesday,12,2023Q4,2023
20231220,2023-12-20,Wednesday,12,2023Q4,2023
20231221,2023-12-21,Thursday,12,2023Q4,2023
20231222,2023-12-22,Friday,12,2023Q4,2023
20231227,2023-12-27,Wednesday,12,2023Q4,2023
20231228,2023-12-28,Thursday,12,2023Q4,2023
20231229,2023-12-29,Friday,12,2023Q4,2023
20240102,2024-01-02,Tuesday,1,2024Q1,2024
20240103,2024-01-03,Wednesday,1,2024Q1,2024
20240104,2024-01-04,Thursday,1,2024Q1,2024
20240105,2024-01-05,Friday,1,2024Q1,2024
20240108,2024-01-08,Monday,1,2024Q1,2024
20240109,2024-01-09,Tuesday,1,2024Q1,2024
20240110,2024-01-10,Wednesday,1,2024Q1,2024
20240111,2024-01-11,Thursday,1,2024Q1,2024
20240112,2024-01-12,Friday,1,2024Q1,2024
20240115,2024-01-15,Monday,1,2024Q1,2024
20240116,2024-01-16,Tuesday,1,2024Q1,2024
20240117,2024-01-17,Wednesday,1,2024Q1,2024
20240118,2024-01-18,Thursday,1,2024Q1,2024
20240119,2024-01-19,Friday,1,2024Q1,2024
20240122,2024-01-22,Monday,1,2024Q1,2024
20240123,2024-01-23,Tuesday,1,2024Q1,2024
20240124,2024-01-24,Wednesday,1,2024Q1,2024
20240125,2024-01-25,Thursday,1,2024Q1,2024
20240126,2024-01-26,Friday,1,2024Q1,2024
20240129,2024-01-29,Monday,1,2024Q1,2024
20240130,2024-01-30,Tuesday,1,2024Q1,2024
20240131,2024-01-31,Wednesday,1,2024Q1,2024
20240201,2024-02-01,Thursday,2,2024Q1,2024
20240202,2024-02-02,Friday,2,2024Q1,2024
20240205,2024-02-05,Monday,2,2024Q1,2024
20240206,2024-02-06,Tuesday,2,2024Q1,2024
20240207,2024-02-07,Wednesday,2,2024Q1,2024
20240212,2024-02-12,Monday,2,2024Q1,2024
20240213,2024-02-13,Tuesday,2,2024Q1,2024
20240215,2024-02-15,Thursday,2,2024Q1,2024
20240216,2024-02-16,Friday,2,2024Q1,2024
20240219,2024-02-19,Monday,2,2024Q1,2024
20240220,2024-02-20,Tuesday,2,2024Q1,2024
20240221,2024-02-21,Wednesday,2,2024Q1,2024
20240222,2024-02-22,Thursday,2,2024Q1,2024
20240223,2024-02-23,Friday,2,2024Q1,2024
20240226,2024-02-26,Monday,2,2024Q1,2024
20240227,2024-02-27,Tuesday,2,2024Q1,2024
20240228,2024-02-28,Wednesday,2,2024Q1,2024
20240229,2024-02-29,Thursday,2,2024Q1,2024
20240301,2024-03-01,Friday,3,2024Q1,2024
20240304,2024-03-04,Monday,3,2024Q1,2024
20240305,2024-03-05,Tuesday,3,2024Q1,2024
20240306,2024-03-06,Wednesday,3,2024Q1,2024
20240307,2024-03-07,Thursday,3,2024Q1,2024
20240308,2024-03-08,Friday,3,2024Q1,2024
20240313,2024-03-13,Wednesday,3,2024Q1,2024
20240314,2024-03-14,Thursday,3,2024Q1,2024
20240315,2024-03-15,Friday,3,2024Q1,2024
20240318,2024-03-18,Monday,3,2024Q1,2024
20240319,2024-03-19,Tuesday,3,2024Q1,2024
20240320,2024-03-20,Wednesday,3,2024Q1,2024
20240321,2024-03-21,Thursday,3,2024Q1,2024
20240322,2024-03-22,Friday,3,2024Q1,2024
20240326,2024-03-26,Tuesday,3,2024Q1,2024
20240327,2024-03-27,Wednesday,3,2024Q1,2024
20240328,2024-03-28,Thursday,3,2024Q1,2024
20240401,2024-04-01,Monday,4,2024Q2,2024
20240402,2024-04-02,Tuesday,4,2024Q2,2024
20240403,2024-04-03,Wednesday,4,2024Q2,2024
20240404,2024-04-04,Thursday,4,2024Q2,2024
20240405,2024-04-05,Friday,4,2024Q2,2024
20240416,2024-04-16,Tuesday,4,2024Q2,2024
20240417,2024-04-17,Wednesday,4,2024Q2,2024
20240418,2024-04-18,Thursday,4,2024Q2,2024
20240419,2024-04-19,Friday,4,2024Q2,2024
20240422,2024-04-22,Monday,4,2024Q2,2024
20240423,2024-04-23,Tuesday,4,2024Q2,2024
20240424,2024-04-24,Wednesday,4,2024Q2,2024
20240425,2024-04-25,Thursday,4,2024Q2,2024
20240426,2024-04-26,Friday,4,2024Q2,2024
20240429,2024-04-29,Monday,4,2024Q2,2024
20240430,2024-04-30,Tuesday,4,2024Q2,2024
20240502,2024-05-02,Thursday,5,2024Q2,2024
20240503,2024-05-03,Friday,5,2024Q2,2024
20240506,2024-05-06,Monday,5,2024Q2,2024
20240507,2024-05-07,Tuesday,5,2024Q2,2024
20240508,2024-05-08,Wednesday,5,2024Q2,2024
20240513,2024-05-13,Monday,5,2024Q2,2024
20240514,2024-05-14,Tuesday,5,2024Q2,2024
20240515,2024-05-15,Wednesday,5,2024Q2,2024
20240516,2024-05-16,Thursday,5,2024Q2,2024
20240517,2024-05-17,Friday,5,2024Q2,2024
20240520,2024-05-20,Monday,5,2024Q2,2024
20240521,2024-05-21,Tuesday,5,2024Q2,2024
20240522,2024-05-22,Wednesday,5,2024Q2,2024
20240527,2024-05-27,Monday,5,2024Q2,2024
20240528,2024-05-28,Tuesday,5,2024Q2,2024
20240529,2024-05-29,Wednesday,5,2024Q2,2024
20240530,2024-05-30,Thursday,5,2024Q2,2024
20240531,2024-05-31,Friday,5,2024Q2,2024
20240603,2024-06-03,Monday,6,2024Q2,2024
20240604,2024-06-04,Tuesday,6,2024Q2,2024
20240605,2024-06-05,Wednesday,6,2024Q2,2024
20240606,2024-06-06,Thursday,6,2024Q2,2024
20240607,2024-06-07,Friday,6,2024Q2,2024
20240610,2024-06-10,Monday,6,2024Q2,2024
20240611,2024-06-11,Tuesday,6,2024Q2,2024
20240612,2024-06-12,Wednesday,6,2024Q2,2024
20240613,2024-06-13,Thursday,6,2024Q2,2024
20240614,2024-06-14,Friday,6,2024Q2,2024
20240619,2024-06-19,Wednesday,6,2024Q2,2024
20240620,2024-06-20,Thursday,6,2024Q2,2024
20240621,2024-06-21,Friday,6,2024Q2,2024
20240624,2024-06-24,Monday,6,2024Q2,2024
20240625,2024-06-25,Tuesday,6,2024Q2,2024
20240626,2024-06-26,Wednesday,6,2024Q2,2024
20240627,2024-06-27,Thursday,6,2024Q2,2024
20240628,2024-06-28,Friday,6,2024Q2,2024
20240701,2024-07-01,Monday,7,2024Q3,2024
20240702,2024-07-02,Tuesday,7,2024Q3,2024
20240703,2024-07-03,Wednesday,7,2024Q3,2024
20240704,2024-07-04,Thursday,7,2024Q3,2024
20240705,2024-07-05,Friday,7,2024Q3,2024
20240708,2024-07-08,Monday,7,2024Q3,2024
20240709,2024-07-09,Tuesday,7,2024Q3,2024
20240710,2024-07-10,Wednesday,7,2024Q3,2024
20240711,2024-07-11,Thursday,7,2024Q3,2024
20240712,2024-07-12,Friday,7,2024Q3,2024
20240716,2024-07-16,Tuesday,7,2024Q3,2024
20240717,2024-07-17,Wednesday,7,2024Q3,2024
20240718,2024-07-18,Thursday,7,2024Q3,2024
20240719,2024-07-19,Friday,7,2024Q3,2024
20240722,2024-07-22,Monday,7,2024Q3,2024
20240723,2024-07-23,Tuesday,7,2024Q3,2024
20240724,2024-07-24,Wednesday,7,2024Q3,2024
20240725,2024-07-25,Thursday,7,2024Q3,2024
20240726,2024-07-26,Friday,7,2024Q3,2024
20240729,2024-07-29,Monday,7,2024Q3,2024
20240730,2024-07-30,Tuesday,7,2024Q3,2024
20240731,2024-07-31,Wednesday,7,2024Q3,2024
20240801,2024-08-01,Thursday,8,2024Q3,2024
20240802,2024-08-02,Friday,8,2024Q3,2024
20240805,2024-08-05,Monday,8,2024Q3,2024
20240806,2024-08-06,Tuesday,8,2024Q3,2024
20240807,2024-08-07,Wednesday,8,2024Q3,2024
20240808,2024-08-08,Thursday,8,2024Q3,2024
20240809,2024-08-09,Friday,8,2024Q3,2024
20240812,2024-08-12,Monday,8,2024Q3,2024
20240813,2024-08-13,Tuesday,8,2024Q3,2024
20240814,2024-08-14,Wednesday,8,2024Q3,2024
20240815,2024-08-15,Thursday,8,2024Q3,2024
20240816,2024-08-16,Friday,8,2024Q3,2024
20240819,2024-08-19,Monday,8,2024Q3,2024
20240820,2024-08-20,Tuesday,8,2024Q3,2024
20240821,2024-08-21,Wednesday,8,2024Q3,2024
20240822,2024-08-22,Thursday,8,2024Q3,2024
20240823,2024-08-23,Friday,8,2024Q3,2024
20240826,2024-08-26,Monday,8,2024Q3,2024
20240827,2024-08-27,Tuesday,8,2024Q3,2024
20240828,2024-08-28,Wednesday,8,2024Q3,2024
20240829,2024-08-29,Thursday,8,2024Q3,2024
20240830,2024-08-30,Friday,8,2024Q3,2024
20240902,2024-09-02,Monday,9,2024Q3,2024
20240903,2024-09-03,Tuesday,9,2024Q3,2024
20240904,2024-09-04,Wednesday,9,2024Q3,2024
20240905,2024-09-05,Thursday,9,2024Q3,2024
20240906,2024-09-06,Friday,9,2024Q3,2024
20240909,2024-09-09,Monday,9,2024Q3,2024
20240910,2024-09-10,Tuesday,9,2024Q3,2024
20240911,2024-09-11,Wednesday,9,2024Q3,2024
20240912,2024-09-12,Thursday,9,2024Q3,2024
20240913,2024-09-13,Friday,9,2024Q3,2024
20240917,2024-09-17,Tuesday,9,2024Q3,2024
20240918,2024-09-18,Wednesday,9,2024Q3,2024
20240919,2024-09-19,Thursday,9,2024Q3,2024
20240920,2024-09-20,Friday,9,2024Q3,2024
20240923,2024-09-23,Monday,9,2024Q3,2024
20240924,2024-09-24,Tuesday,9,2024Q3,2024
20240925,2024-09-25,Wednesday,9,2024Q3,2024
20240926,2024-09-26,Thursday,9,2024Q3,2024
20240927,2024-09-27,Friday,9,2024Q3,2024
20240930,2024-09-30,Monday,9,2024Q3,2024
20241001,2024-10-01,Tuesday,10,2024Q4,2024
20241002,2024-10-02,Wednesday,10,2024Q4,2024
20241003,2024-10-03,Thursday,10,2024Q4,2024
20241004,2024-10-04,Friday,10,2024Q4,2024
20241007,2024-10-07,Monday,10,2024Q4,2024
20241008,2024-10-08,Tuesday,10,2024Q4,2024
20241009,2024-10-09,Wednesday,10,2024Q4,2024
20241010,2024-10-10,Thursday,10,2024Q4,2024
20241011,2024-10-11,Friday,10,2024Q4,2024
20241014,2024-10-14,Monday,10,2024Q4,2024
20241015,2024-10-15,Tuesday,10,2024Q4,2024
20241016,2024-10-16,Wednesday,10,2024Q4,2024
20241017,2024-10-17,Thursday,10,2024Q4,2024
20241018,2024-10-18,Friday,10,2024Q4,2024
20241021,2024-10-21,Monday,10,2024Q4,2024
20241022,2024-10-22,Tuesday,10,2024Q4,2024
20241023,2024-10-23,Wednesday,10,2024Q4,2024
20241024,2024-10-24,Thursday,10,2024Q4,2024
20241025,2024-10-25,Friday,10,2024Q4,2024
20241028,2024-10-28,Monday,10,2024Q4,2024
20241029,2024-10-29,Tuesday,10,2024Q4,2024
20241030,2024-10-30,Wednesday,10,2024Q4,2024
20241031,2024-10-31,Thursday,10,2024Q4,2024
20241101,2024-11-01,Friday,11,2024Q4,2024
20241104,2024-11-04,Monday,11,2024Q4,2024
20241105,2024-11-05,Tuesday,11,2024Q4,2024
20241106,2024-11-06,Wednesday,11,2024Q4,2024
20241107,2024-11-07,Thursday,11,2024Q4,2024
20241108,2024-11-08,Friday,11,2024Q4,2024
20241111,2024-11-11,Monday,11,2024Q4,2024
20241112,2024-11-12,Tuesday,11,2024Q4,2024
20241113,2024-11-13,Wednesday,11,2024Q4,2024
20241114,2024-11-14,Thursday,11,2024Q4,2024
20241115,2024-11-15,Friday,11,2024Q4,2024
20241118,2024-11-18,Monday,11,2024Q4,2024
20241119,2024-11-19,Tuesday,11,2024Q4,2024
20241120,2024-11-20,Wednesday,11,2024Q4,2024
20241121,2024-11-21,Thursday,11,2024Q4,2024
20241122,2024-11-22,Friday,11,2024Q4,2024
20241125,2024-11-25,Monday,11,2024Q4,2024
20241126,2024-11-26,Tuesday,11,2024Q4,2024
20241128,2024-11-28,Thursday,11,2024Q4,2024
20241129,2024-11-29,Friday,11,2024Q4,2024
20241202,2024-12-02,Monday,12,2024Q4,2024
20241203,2024-12-03,Tuesday,12,2024Q4,2024
20241204,2024-12-04,Wednesday,12,2024Q4,2024
20241205,2024-12-05,Thursday,12,2024Q4,2024
20241206,2024-12-06,Friday,12,2024Q4,2024
20241209,2024-12-09,Monday,12,2024Q4,2024
20241210,2024-12-10,Tuesday,12,2024Q4,2024
20241211,2024-12-11,Wednesday,12,2024Q4,2024
20241212,2024-12-12,Thursday,12,2024Q4,2024
20241213,2024-12-13,Friday,12,2024Q4,2024
20241216,2024-12-16,Monday,12,2024Q4,2024
20241217,2024-12-17,Tuesday,12,2024Q4,2024
20241218,2024-12-18,Wednesday,12,2024Q4,2024
20241219,2024-12-19,Thursday,12,2024Q4,2024
20241220,2024-12-20,Friday,12,2024Q4,2024
20241223,2024-12-23,Monday,12,2024Q4,2024
20241224,2024-12-24,Tuesday,12,2024Q4,2024
20241227,2024-12-27,Friday,12,2024Q4,2024
20241230,2024-12-30,Monday,12,2024Q4,2024
20250102,2025-01-02,Thursday,1,2025Q1,2025
20250103,2025-01-03,Friday,1,2025Q1,2025
20250106,2025-01-06,Monday,1,2025Q1,2025
20250107,2025-01-07,Tuesday,1,2025Q1,2025
20250108,2025-01-08,Wednesday,1,2025Q1,2025
20250109,2025-01-09,Thursday,1,2025Q1,2025
20250110,2025-01-10,Friday,1,2025Q1,2025
20250113,2025-01-13,Monday,1,2025Q1,2025
20250114,2025-01-14,Tuesday,1,2025Q1,2025
20250115,2025-01-15,Wednesday,1,2025Q1,2025
20250116,2025-01-16,Thursday,1,2025Q1,2025
20250117,2025-01-17,Friday,1,2025Q1,2025
20250120,2025-01-20,Monday,1,2025Q1,2025
20250121,2025-01-21,Tuesday,1,2025Q1,2025
20250122,2025-01-22,Wednesday,1,2025Q1,2025
20250123,2025-01-23,Thursday,1,2025Q1,2025
20250124,2025-01-24,Friday,1,2025Q1,2025
20250130,2025-01-30,Thursday,1,2025Q1,2025
20250131,2025-01-31,Friday,1,2025Q1,2025
20250203,2025-02-03,Monday,2,2025Q1,2025
20250204,2025-02-04,Tuesday,2,2025Q1,2025
20250205,2025-02-05,Wednesday,2,2025Q1,2025
20250206,2025-02-06,Thursday,2,2025Q1,2025
20250207,2025-02-07,Friday,2,2025Q1,2025
20250210,2025-02-10,Monday,2,2025Q1,2025
20250211,2025-02-11,Tuesday,2,2025Q1,2025
20250212,2025-02-12,Wednesday,2,2025Q1,2025
20250213,2025-02-13,Thursday,2,2025Q1,2025
20250214,2025-02-14,Friday,2,2025Q1,2025
20250217,2025-02-17,Monday,2,2025Q1,2025
20250218,2025-02-18,Tuesday,2,2025Q1,2025
20250219,2025-02-19,Wednesday,2,2025Q1,2025
20250220,2025-02-20,Thursday,2,2025Q1,2025
20250221,2025-02-21,Friday,2,2025Q1,2025
20250224,2025-02-24,Monday,2,2025Q1,2025
20250225,2025-02-25,Tuesday,2,2025Q1,2025
20250226,2025-02-26,Wednesday,2,2025Q1,2025
20250227,2025-02-27,Thursday,2,2025Q1,2025
20250228,2025-02-28,Friday,2,2025Q1,2025
20250303,2025-03-03,Monday,3,2025Q1,2025
20250304,2025-03-04,Tuesday,3,2025Q1,2025
20250305,2025-03-05,Wednesday,3,2025Q1,2025
20250306,2025-03-06,Thursday,3,2025Q1,2025
20250307,2025-03-07,Friday,3,2025Q1,2025
20250310,2025-03-10,Monday,3,2025Q1,2025
20250311,2025-03-11,Tuesday,3,2025Q1,2025
20250312,2025-03-12,Wednesday,3,2025Q1,2025
20250313,2025-03-13,Thursday,3,2025Q1,2025
20250314,2025-03-14,Friday,3,2025Q1,2025
20250317,2025-03-17,Monday,3,2025Q1,2025
20250318,2025-03-18,Tuesday,3,2025Q1,2025
20250319,2025-03-19,Wednesday,3,2025Q1,2025
20250320,2025-03-20,Thursday,3,2025Q1,2025
20250321,2025-03-21,Friday,3,2025Q1,2025
20250324,2025-03-24,Monday,3,2025Q1,2025
20250325,2025-03-25,Tuesday,3,2025Q1,2025
20250326,2025-03-26,Wednesday,3,2025Q1,2025
20250327,2025-03-27,Thursday,3,2025Q1,2025
20250408,2025-04-08,Tuesday,4,2025Q2,2025
20250409,2025-04-09,Wednesday,4,2025Q2,2025
20250410,2025-04-10,Thursday,4,2025Q2,2025
20250411,2025-04-11,Friday,4,2025Q2,2025
20250414,2025-04-14,Monday,4,2025Q2,2025
20250415,2025-04-15,Tuesday,4,2025Q2,2025
20250416,2025-04-16,Wednesday,4,2025Q2,2025
20250417,2025-04-17,Thursday,4,2025Q2,2025
20250421,2025-04-21,Monday,4,2025Q2,2025
20250422,2025-04-22,Tuesday,4,2025Q2,2025
20250423,2025-04-23,Wednesday,4,2025Q2,2025
20250424,2025-04-24,Thursday,4,2025Q2,2025
20250425,2025-04-25,Friday,4,2025Q2,2025
20250428,2025-04-28,Monday,4,2025Q2,2025
20250429,2025-04-29,Tuesday,4,2025Q2,2025
20250430,2025-04-30,Wednesday,4,2025Q2,2025
20250502,2025-05-02,Friday,5,2025Q2,2025
20250505,2025-05-05,Monday,5,2025Q2,2025
20250506,2025-05-06,Tuesday,5,2025Q2,2025
20250507,2025-05-07,Wednesday,5,2025Q2,2025
20250508,2025-05-08,Thursday,5,2025Q2,2025
20250509,2025-05-09,Friday,5,2025Q2,2025
20250514,2025-05-14,Wednesday,5,2025Q2,2025
20250515,2025-05-15,Thursday,5,2025Q2,2025
20250516,2025-05-16,Friday,5,2025Q2,2025
20250519,2025-05-19,Monday,5,2025Q2,2025
20250520,2025-05-20,Tuesday,5,2025Q2,2025
20250521,2025-05-21,Wednesday,5,2025Q2,2025
20250522,2025-05-22,Thursday,5,2025Q2,2025
20250523,2025-05-23,Friday,5,2025Q2,2025
20250526,2025-05-26,Monday,5,2025Q2,2025
20250527,2025-05-27,Tuesday,5,2025Q2,2025
20250528,2025-05-28,Wednesday,5,2025Q2,2025
20250602,2025-06-02,Monday,6,2025Q2,2025
20250603,2025-06-03,Tuesday,6,2025Q2,2025
20250604,2025-06-04,Wednesday,6,2025Q2,2025
20250605,2025-06-05,Thursday,6,2025Q2,2025
20250610,2025-06-10,Tuesday,6,2025Q2,2025
20250611,2025-06-11,Wednesday,6,2025Q2,2025
20250612,2025-06-12,Thursday,6,2025Q2,2025
20250613,2025-06-13,Friday,6,2025Q2,2025
20250616,2025-06-16,Monday,6,2025Q2,2025
20250617,2025-06-17,Tuesday,6,2025Q2,2025
20250618,2025-06-18,Wednesday,6,2025Q2,2025
20250619,2025-06-19,Thursday,6,2025Q2,2025
20250620,2025-06-20,Friday,6,2025Q2,2025
20250623,2025-06-23,Monday,6,2025Q2,2025
20250624,2025-06-24,Tuesday,6,2025Q2,2025
20250625,2025-06-25,Wednesday,6,2025Q2,2025
20250626,2025-06-26,Thursday,6,2025Q2,2025
20250630,2025-06-30,Monday,6,2025Q2,2025
20250701,2025-07-01,Tuesday,7,2025Q3,2025
20250702,2025-07-02,Wednesday,7,2025Q3,2025
20250703,2025-07-03,Thursday,7,2025Q3,2025
20250704,2025-07-04,Friday,7,2025Q3,2025
20250707,2025-07-07,Monday,7,2025Q3,2025
20250708,2025-07-08,Tuesday,7,2025Q3,2025
20250709,2025-07-09,Wednesday,7,2025Q3,2025
20250710,2025-07-10,Thursday,7,2025Q3,2025
20250711,2025-07-11,Friday,7,2025Q3,2025
20250714,2025-07-14,Monday,7,2025Q3,2025
20250715,2025-07-15,Tuesday,7,2025Q3,2025
20250716,2025-07-16,Wednesday,7,2025Q3,2025
20250717,2025-07-17,Thursday,7,2025Q3,2025
20250718,2025-07-18,Friday,7,2025Q3,2025
20250721,2025-07-21,Monday,7,2025Q3,2025
20250722,2025-07-22,Tuesday,7,2025Q3,2025
20250723,2025-07-23,Wednesday,7,2025Q3,2025
20250724,2025-07-24,Thursday,7,2025Q3,2025
20250725,2025-07-25,Friday,7,2025Q3,2025
20250728,2025-07-28,Monday,7,2025Q3,2025
20250729,2025-07-29,Tuesday,7,2025Q3,2025
20250730,2025-07-30,Wednesday,7,2025Q3,2025
20250731,2025-07-31,Thursday,7,2025Q3,2025
20250801,2025-08-01,Friday,8,2025Q3,2025
20250804,2025-08-04,Monday,8,2025Q3,2025
20250805,2025-08-05,Tuesday,8,2025Q3,2025
20250806,2025-08-06,Wednesday,8,2025Q3,2025
20250807,2025-08-07,Thursday,8,2025Q3,2025
20250808,2025-08-08,Friday,8,2025Q3,2025
20250811,2025-08-11,Monday,8,2025Q3,2025
20250812,2025-08-12,Tuesday,8,2025Q3,2025
20250813,2025-08-13,Wednesday,8,2025Q3,2025
20250814,2025-08-14,Thursday,8,2025Q3,2025
20250815,2025-08-15,Friday,8,2025Q3,2025
20250819,2025-08-19,Tuesday,8,2025Q3,2025
20250820,2025-08-20,Wednesday,8,2025Q3,2025
20250821,2025-08-21,Thursday,8,2025Q3,2025
20250822,2025-08-22,Friday,8,2025Q3,2025
20250825,2025-08-25,Monday,8,2025Q3,2025
20250826,2025-08-26,Tuesday,8,2025Q3,2025
20250827,2025-08-27,Wednesday,8,2025Q3,2025
20250828,2025-08-28,Thursday,8,2025Q3,2025
20250829,2025-08-29,Friday,8,2025Q3,2025
20250901,2025-09-01,Monday,9,2025Q3,2025
20250902,2025-09-02,Tuesday,9,2025Q3,2025
20250903,2025-09-03,Wednesday,9,2025Q3,2025
20250904,2025-09-04,Thursday,9,2025Q3,2025
20250908,2025-09-08,Monday,9,2025Q3,2025
20250909,2025-09-09,Tuesday,9,2025Q3,2025
20250910,2025-09-10,Wednesday,9,2025Q3,2025
20250911,2025-09-11,Thursday,9,2025Q3,2025
20250912,2025-09-12,Friday,9,2025Q3,2025
20250915,2025-09-15,Monday,9,2025Q3,2025
20250916,2025-09-16,Tuesday,9,2025Q3,2025
20250917,2025-09-17,Wednesday,9,2025Q3,2025
20250918,2025-09-18,Thursday,9,2025Q3,2025
20250919,2025-09-19,Friday,9,2025Q3,2025
20250922,2025-09-22,Monday,9,2025Q3,2025
20250923,2025-09-23,Tuesday,9,2025Q3,2025
20250924,2025-09-24,Wednesday,9,2025Q3,2025
20250925,2025-09-25,Thursday,9,2025Q3,2025
20250926,2025-09-26,Friday,9,2025Q3,2025
20250929,2025-09-29,Monday,9,2025Q3,2025
20250930,2025-09-30,Tuesday,9,2025Q3,2025
20251001,2025-10-01,Wednesday,10,2025Q4,2025
20251002,2025-10-02,Thursday,10,2025Q4,2025
20251003,2025-10-03,Friday,10,2025Q4,2025
20251006,2025-10-06,Monday,10,2025Q4,2025
20251007,2025-10-07,Tuesday,10,2025Q4,2025
20251008,2025-10-08,Wednesday,10,2025Q4,2025
20251009,2025-10-09,Thursday,10,2025Q4,2025
20251010,2025-10-10,Friday,10,2025Q4,2025
20251013,2025-10-13,Monday,10,2025Q4,2025
20251014,2025-10-14,Tuesday,10,2025Q4,2025
20251015,2025-10-15,Wednesday,10,2025Q4,2025
20251016,2025-10-16,Thursday,10,2025Q4,2025
20251017,2025-10-17,Friday,10,2025Q4,2025
20251020,2025-10-20,Monday,10,2025Q4,2025
20251021,2025-10-21,Tuesday,10,2025Q4,2025
20251022,2025-10-22,Wednesday,10,2025Q4,2025
20251023,2025-10-23,Thursday,10,2025Q4,2025
20251024,2025-10-24,Friday,10,2025Q4,2025
20251027,2025-10-27,Monday,10,2025Q4,2025
20251028,2025-10-28,Tuesday,10,2025Q4,2025
20251029,2025-10-29,Wednesday,10,2025Q4,2025
20251030,2025-10-30,Thursday,10,2025Q4,2025
20251031,2025-10-31,Friday,10,2025Q4,2025
20251103,2025-11-03,Monday,11,2025Q4,2025
20251104,2025-11-04,Tuesday,11,2025Q4,2025
20251105,2025-11-05,Wednesday,11,2025Q4,2025
20251106,2025-11-06,Thursday,11,2025Q4,2025
20251107,2025-11-07,Friday,11,2025Q4,2025
20251110,2025-11-10,Monday,11,2025Q4,2025
20251111,2025-11-11,Tuesday,11,2025Q4,2025
20251112,2025-11-12,Wednesday,11,2025Q4,2025
20251113,2025-11-13,Thursday,11,2025Q4,2025
20251114,2025-11-14,Friday,11,2025Q4,2025
20251117,2025-11-17,Monday,11,2025Q4,2025
20251118,2025-11-18,Tuesday,11,2025Q4,2025
20251119,2025-11-19,Wednesday,11,2025Q4,2025
20251120,2025-11-20,Thursday,11,2025Q4,2025
20251121,2025-11-21,Friday,11,2025Q4,2025
20251124,2025-11-24,Monday,11,2025Q4,2025
20251125,2025-11-25,Tuesday,11,2025Q4,2025
20251126,2025-11-26,Wednesday,11,2025Q4,2025
20251127,2025-11-27,Thursday,11,2025Q4,2025
20251128,2025-11-28,Friday,11,2025Q4,2025
20251201,2025-12-01,Monday,12,2025Q4,2025
20251202,2025-12-02,Tuesday,12,2025Q4,2025
20251203,2025-12-03,Wednesday,12,2025Q4,2025
20251204,2025-12-04,Thursday,12,2025Q4,2025
20251205,2025-12-05,Friday,12,2025Q4,2025
20251208,2025-12-08,Monday,12,2025Q4,2025
20251209,2025-12-09,Tuesday,12,2025Q4,2025
20251210,2025-12-10,Wednesday,12,2025Q4,2025
20251211,2025-12-11,Thursday,12,2025Q4,2025
20251212,2025-12-12,Friday,12,2025Q4,2025
20251215,2025-12-15,Monday,12,2025Q4,2025
20251216,2025-12-16,Tuesday,12,2025Q4,2025
20251217,2025-12-17,Wednesday,12,2025Q4,2025
20251218,2025-12-18,Thursday,12,2025Q4,2025
20251219,2025-12-19,Friday,12,2025Q4,2025
20251222,2025-12-22,Monday,12,2025Q4,2025
20251223,2025-12-23,Tuesday,12,2025Q4,2025
20251224,2025-12-24,Wednesday,12,2025Q4,2025
20251229,2025-12-29,Monday,12,2025Q4,2025
20251230,2025-12-30,Tuesday,12,2025Q4,2025
20260102,2026-01-02,Friday,1,2026Q1,2026
20260105,2026-01-05,Monday,1,2026Q1,2026
20260106,2026-01-06,Tuesday,1,2026Q1,2026
20260107,2026-01-07,Wednesday,1,2026Q1,2026
20260108,2026-01-08,Thursday,1,2026Q1,2026
20260109,2026-01-09,Friday,1,2026Q1,2026
20260112,2026-01-12,Monday,1,2026Q1,2026
20260113,2026-01-13,Tuesday,1,2026Q1,2026
20260114,2026-01-14,Wednesday,1,2026Q1,2026
20260115,2026-01-15,Thursday,1,2026Q1,2026
20260119,2026-01-19,Monday,1,2026Q1,2026
20260120,2026-01-20,Tuesday,1,2026Q1,2026
20260121,2026-01-21,Wednesday,1,2026Q1,2026
20260122,2026-01-22,Thursday,1,2026Q1,2026
20260123,2026-01-23,Friday,1,2026Q1,2026
20260126,2026-01-26,Monday,1,2026Q1,2026
20260127,2026-01-27,Tuesday,1,2026Q1,2026
20260128,2026-01-28,Wednesday,1,2026Q1,2026
20260129,2026-01-29,Thursday,1,2026Q1,2026
20260130,2026-01-30,Friday,1,2026Q1,2026
20260202,2026-02-02,Monday,2,2026Q1,2026
20260203,2026-02-03,Tuesday,2,2026Q1,2026
20260204,2026-02-04,Wednesday,2,2026Q1,2026
20260205,2026-02-05,Thursday,2,2026Q1,2026
20260206,2026-02-06,Friday,2,2026Q1,2026
20260209,2026-02-09,Monday,2,2026Q1,2026
20260210,2026-02-10,Tuesday,2,2026Q1,2026
20260211,2026-02-11,Wednesday,2,2026Q1,2026
20260212,2026-02-12,Thursday,2,2026Q1,2026
20260213,2026-02-13,Friday,2,2026Q1,2026
20260218,2026-02-18,Wednesday,2,2026Q1,2026
20260219,2026-02-19,Thursday,2,2026Q1,2026
20260220,2026-02-20,Friday,2,2026Q1,2026
20260223,2026-02-23,Monday,2,2026Q1,2026
20260224,2026-02-24,Tuesday,2,2026Q1,2026
20260225,2026-02-25,Wednesday,2,2026Q1,2026
20260226,2026-02-26,Thursday,2,2026Q1,2026
20260227,2026-02-27,Friday,2,2026Q1,2026
20260302,2026-03-02,Monday,3,2026Q1,2026
20260303,2026-03-03,Tuesday,3,2026Q1,2026
20260304,2026-03-04,Wednesday,3,2026Q1,2026
20260305,2026-03-05,Thursday,3,2026Q1,2026
20260306,2026-03-06,Friday,3,2026Q1,2026
20260309,2026-03-09,Monday,3,2026Q1,2026
20260310,2026-03-10,Tuesday,3,2026Q1,2026
20260311,2026-03-11,Wednesday,3,2026Q1,2026
20260312,2026-03-12,Thursday,3,2026Q1,2026
20260313,2026-03-13,Friday,3,2026Q1,2026
20260316,2026-03-16,Monday,3,2026Q1,2026
20260317,2026-03-17,Tuesday,3,2026Q1,2026
20260325,2026-03-25,Wednesday,3,2026Q1,2026
20260326,2026-03-26,Thursday,3,2026Q1,2026
20260327,2026-03-27,Friday,3,2026Q1,2026
20260330,2026-03-30,Monday,3,2026Q1,2026
20260331,2026-03-31,Tuesday,3,2026Q1,2026
20260401,2026-04-01,Wednesday,4,2026Q2,2026
20260402,2026-04-02,Thursday,4,2026Q2,2026
20260406,2026-04-06,Monday,4,2026Q2,2026
20260407,2026-04-07,Tuesday,4,2026Q2,2026
20260408,2026-04-08,Wednesday,4,2026Q2,2026
20260409,2026-04-09,Thursday,4,2026Q2,2026
20260410,2026-04-10,Friday,4,2026Q2,2026
20260413,2026-04-13,Monday,4,2026Q2,2026
20260414,2026-04-14,Tuesday,4,2026Q2,2026
20260415,2026-04-15,Wednesday,4,2026Q2,2026
20260416,2026-04-16,Thursday,4,2026Q2,2026
20260417,2026-04-17,Friday,4,2026Q2,2026
20260420,2026-04-20,Monday,4,2026Q2,2026
20260421,2026-04-21,Tuesday,4,2026Q2,2026
20260422,2026-04-22,Wednesday,4,2026Q2,2026
20260423,2026-04-23,Thursday,4,2026Q2,2026
20260424,2026-04-24,Friday,4,2026Q2,2026
20260427,2026-04-27,Monday,4,2026Q2,2026
20260428,2026-04-28,Tuesday,4,2026Q2,2026
20260429,2026-04-29,Wednesday,4,2026Q2,2026
20260430,2026-04-30,Thursday,4,2026Q2,2026
20260504,2026-05-04,Monday,5,2026Q2,2026
20260505,2026-05-05,Tuesday,5,2026Q2,2026
20260506,2026-05-06,Wednesday,5,2026Q2,2026
20260507,2026-05-07,Thursday,5,2026Q2,2026
20260508,2026-05-08,Friday,5,2026Q2,2026
20260511,2026-05-11,Monday,5,2026Q2,2026
20260512,2026-05-12,Tuesday,5,2026Q2,2026
20260513,2026-05-13,Wednesday,5,2026Q2,2026
20260518,2026-05-18,Monday,5,2026Q2,2026
20260519,2026-05-19,Tuesday,5,2026Q2,2026
20260520,2026-05-20,Wednesday,5,2026Q2,2026
20260521,2026-05-21,Thursday,5,2026Q2,2026
20260522,2026-05-22,Friday,5,2026Q2,2026
20260525,2026-05-25,Monday,5,2026Q2,2026
20260526,2026-05-26,Tuesday,5,2026Q2,2026
20260529,2026-05-29,Friday,5,2026Q2,2026
